﻿<?xml version="1.0" encoding="utf-8" ?>
<c2eventsheet>
    <!--All the 'name' attributes are ignored by Construct 2 - they are there for readability only.-->
    <name>Credits</name>
    <events>
        <event-block any="1" sid="380687462664950">
            <conditions>
                <condition id="0" name="On clicked" sid="448058216422481" type="Back" />
                <condition id="18" name="On double-tap object" sid="242632842766115" type="Touch">
                    <param id="0" name="Object">Back</param>
                </condition>
            </conditions>
            <actions>
                <action id="-25" name="Go to layout (by name)" sid="744171760176119" type="System">
                    <param id="0" name="Layout">&quot;Menu&quot;</param>
                </action>
            </actions>
        </event-block>
    </events>
</c2eventsheet>
